url,ISIN,Coupon,IssueDate,MaturityDate,TKData
https://markets.businessinsider.com/bonds/canadacd-bonds_202326-Bond-2026-ca135087r226?miRedirects=1,CA135087R226,4.500%,2023-11-01,2026-02-01,"1,130654501,1330,184"
https://markets.businessinsider.com/bonds/canadacd-bonds_202026-Bond-2026-ca135087l518?miRedirects=1,CA135087L518,0.250%,2020-10-09,2026-03-01,"1,57601476,1330,184"
https://markets.businessinsider.com/bonds/canadacd-bonds_202326-Bond-2026-ca135087p816?miRedirects=1,CA135087P816,3.000%,2023-01-20,2026-04-01,"1,124578091,1330,184"
https://markets.businessinsider.com/bonds/canadacd-bonds_202426-Bond-2026-ca135087r556?miRedirects=1,CA135087R556,4.000%,2024-02-12,2026-05-01,"1,132969994,1330,184"
https://markets.businessinsider.com/bonds/canadacd-bonds_201526-Bond-2026-ca135087e679?miRedirects=1,CA135087E679,1.500%,2015-07-21,2026-06-01,"1,28975906,1330,184"
https://markets.businessinsider.com/bonds/canadacd-bonds_202426-Bond-2026-ca135087r978?miRedirects=1,CA135087R978,4.000%,2024-05-06,2026-08-03,"1,135402145,1330,184"
https://markets.businessinsider.com/bonds/canadacd-bonds_202126-Bond-2026-ca135087l930?miRedirects=1,CA135087L930,1.000%,2021-04-16,2026-09-01,"1,111141014,1330,184"
https://markets.businessinsider.com/bonds/canadacd-bonds_202426-Bond-2026-ca135087s398?miRedirects=1,CA135087S398,3.250%,2024-08-02,2026-11-01,"1,137893857,1330,184"
https://markets.businessinsider.com/bonds/canadacd-bonds_202427-Bond-2027-ca135087s547?miRedirects=1,CA135087S547,3.000%,2024-11-01,2027-02-01,"1,139591564,1330,184"
https://markets.businessinsider.com/bonds/canadacd-bonds_202127-Bond-2027-ca135087m847?miRedirects=1,CA135087M847,1.250%,2021-10-15,2027-03-01,"1,114329463,1330,184"
https://markets.businessinsider.com/bonds/canadacd-bonds_202527-Bond-2027-ca135087s885?miRedirects=1,CA135087S885,2.750%,2025-02-20,2027-05-01,"1,142700048,1330,184"
https://markets.businessinsider.com/bonds/canadacd-bonds_201627-Bond-2027-ca135087f825?miRedirects=1,CA135087F825,1.000%,2016-08-03,2027-06-01,"1,33461441,1330,184"
https://markets.businessinsider.com/bonds/8_000-canada-government-of-Bond-2027-ca135087vw17?miRedirects=1,CA135087VW17,8.000%,1996-05-01,2027-06-01,"1,490501,1330,184"
https://markets.businessinsider.com/bonds/canadacd-bonds_202527-Bond-2027-ca135087t461?miRedirects=1,CA135087T461,2.500%,2025-05-15,2027-08-01,"1,145462038,1330,184"
https://markets.businessinsider.com/bonds/canadacd-bonds_202227-Bond-2027-ca135087p733?miRedirects=1,CA135087P733,3.245%,2022-12-02,2027-08-24,"1,123653782,1330,184"
https://markets.businessinsider.com/bonds/canadacd-bonds_202227-Bond-2027-ca135087n837?miRedirects=1,CA135087N837,2.750%,2022-05-13,2027-09-01,"1,119036843,1330,184"
https://markets.businessinsider.com/bonds/canadacd-bonds_202527-Bond-2027-ca135087t610?miRedirects=1,CA135087T610,2.500%,2025-08-15,2027-11-01,"1,148260836,1330,184"
https://markets.businessinsider.com/bonds/canadacd-bonds_202528-Bond-2028-ca135087t958?miRedirects=1,CA135087T958,2.250%,2025-11-14,2028-02-01,"1,151027258,16,184"
https://markets.businessinsider.com/bonds/canadacd-bonds_202228-Bond-2028-ca135087p576?miRedirects=1,CA135087P576,3.500%,2022-10-21,2028-03-01,"1,122651336,1330,184"
https://markets.businessinsider.com/bonds/canadacd-bonds_201728-Bond-2028-ca135087h235?miRedirects=1,CA135087H235,2.000%,2017-08-01,2028-06-01,"1,37720230,1330,184"
https://markets.businessinsider.com/bonds/canadacd-bonds_202328-Bond-2028-ca135087q491?miRedirects=1,CA135087Q491,3.250%,2023-04-21,2028-09-01,"1,126528699,1330,184"
https://markets.businessinsider.com/bonds/canadacd-bonds_202333-Bond-2033-ca135087q723?miRedirects=1,CA135087Q723,3.250%,2023-06-26,2033-12-01,"1,128007448,1330,184"
https://markets.businessinsider.com/bonds/canadacd-bonds_202429-Bond-2029-ca135087r895?miRedirects=1,CA135087R895,3.500%,2024-04-08,2029-09-01,"1,134387959,1330,184"
https://markets.businessinsider.com/bonds/canadacd-bonds_202430-Bond-2030-ca135087s471?miRedirects=1,CA135087S471,2.750%,2024-10-03,2030-03-01,"1,138913105,1330,184"
https://markets.businessinsider.com/bonds/canadacd-bonds_202329-Bond-2029-ca135087q988?miRedirects=1,CA135087Q988,4.000%,2023-10-13,2029-03-01,"1,130328741,1330,184"
https://markets.businessinsider.com/bonds/canadacd-bonds_202232-Bond-2032-ca135087n597?miRedirects=1,CA135087N597,2.000%,2022-03-16,2032-06-01,"1,117606959,1330,184"
https://markets.businessinsider.com/bonds/canadacd-bonds_202434-Bond-2034-ca135087s216?miRedirects=1,CA135087S216,3.250%,2024-07-12,2034-12-01,"1,136888775,1330,184"
https://markets.businessinsider.com/bonds/canadacd-bonds_202535-Bond-2035-ca135087s620?miRedirects=1,CA135087S620,3.250%,2025-01-10,2035-06-01,"1,141608780,1330,184"
https://markets.businessinsider.com/bonds/canadacd-bonds_201829-Bond-2029-ca135087j397?miRedirects=1,CA135087J397,2.250%,2018-07-27,2029-06-01,"1,42965744,1330,184"
https://markets.businessinsider.com/bonds/5_750-canada-government-of-Bond-2029-ca135087wl43?miRedirects=1,CA135087WL43,5.750%,1998-02-02,2029-06-01,"1,847359,1330,184"
https://markets.businessinsider.com/bonds/canadacd-bonds_202131-Bond-2031-ca135087m276?miRedirects=1,CA135087M276,1.500%,2021-04-26,2031-06-01,"1,111293704,1330,184"
https://markets.businessinsider.com/bonds/canadacd-bonds_202232-Bond-2032-ca135087p329?miRedirects=1,CA135087P329,2.500%,2022-08-08,2032-12-01,"1,120914999,1330,184"
https://markets.businessinsider.com/bonds/canadacd-bonds_202535-Bond-2035-ca135087t537?miRedirects=1,CA135087T537,3.250%,2025-07-03,2035-12-01,"1,146822867,1330,184"
https://markets.businessinsider.com/bonds/canadacd-bonds_202434-Bond-2034-ca135087r713?miRedirects=1,CA135087R713,3.500%,2024-03-01,2034-03-01,"1,133356706,1330,184"
https://markets.businessinsider.com/bonds/canadacd-bonds_202532-Bond-2032-ca135087s968?miRedirects=1,CA135087S968,3.000%,2025-02-26,2032-03-01,"1,142567197,1330,184"
https://markets.businessinsider.com/bonds/canadacd-bonds_202334-Bond-2034-ca135087r481?miRedirects=1,CA135087R481,3.000%,2023-12-27,2034-06-01,"1,131843886,1330,184"
https://markets.businessinsider.com/bonds/canadacd-bonds_202131-Bond-2031-ca135087n266?miRedirects=1,CA135087N266,1.500%,2021-10-25,2031-12-01,"1,114466942,1330,184"
https://markets.businessinsider.com/bonds/canadacd-bonds_202030_series_l443-Bond-2030-ca135087l443?miRedirects=1,CA135087L443,0.500%,2020-10-05,2030-12-01,"1,57501684,1330,184"
https://markets.businessinsider.com/bonds/canadacd-bonds_202530-Bond-2030-ca135087t388?miRedirects=1,CA135087T388,2.750%,2025-04-10,2030-09-01,"1,144389623,1330,184"
https://markets.businessinsider.com/bonds/canadacd-bonds_202229-Bond-2029-ca135087n670?miRedirects=1,CA135087N670,2.250%,2022-03-29,2029-12-01,"1,117855494,1330,184"
https://markets.businessinsider.com/bonds/canadacd-bonds_202531-Bond-2031-ca135087t792?miRedirects=1,CA135087T792,2.750%,2025-10-02,2031-03-01,"1,149759344,1330,184"
